{
  "test/integration/pages/A_PurchaseOrderObjectPage-dbg.js": 1735635097427,
  "test/integration/opaTests.qunit.js": 1735635097419,
  "test/integration/pages/A_PurchaseOrderList.js": 1735635097427,
  "test/integration/pages/A_PurchaseOrderItemObjectPage.js": 1735635097431,
  "test/integration/pages/A_PurchaseOrderObjectPage.js": 1735635097427,
  "test/integration/FirstJourney.js": 1735635097431,
  "test/testsuite.qunit.js": 1735635097403,
  "xs-app.json": 1735642824970,
  "manifest.json": 1735635313984,
  "Component.js": 1735635097339,
  "test/integration/pages/A_PurchaseOrderList-dbg.js": 1735635097427,
  "test/integration/pages/A_PurchaseOrderList.js.map": 1735642835488,
  "test/integration/opaTests.qunit-dbg.js": 1735635097419,
  "test/integration/opaTests.qunit.js.map": 1735642835505,
  "test/integration/pages/A_PurchaseOrderItemObjectPage-dbg.js": 1735635097431,
  "test/integration/pages/A_PurchaseOrderItemObjectPage.js.map": 1735642835491,
  "i18n/i18n.properties": 1735635115171,
  "test/integration/pages/A_PurchaseOrderObjectPage.js.map": 1735642835502,
  "test/integration/FirstJourney-dbg.js": 1735635097431,
  "test/integration/FirstJourney.js.map": 1735642835493,
  "test/testsuite.qunit-dbg.js": 1735635097403,
  "test/testsuite.qunit.js.map": 1735642835494,
  "Component-dbg.js": 1735635097339,
  "Component.js.map": 1735642835494,
  "Component-preload.js": 1735642835625,
  "Component-preload.js.map": 1735642835625,
  "test/integration/opaTests.qunit.html": 1735635097419,
  "test/testsuite.qunit.html": 1735635097359,
  "test/flpSandbox.html": 1735635097359,
  "index.html": 1735635097339
}